repo,full_name,language,description,stars,forks,user,name,type,location,user_total_stars
react-native,facebook/react-native,JavaScript,A framework for building native apps with React.,24783,4198,facebook,Facebook,Organization,"Menlo Park, California",61260
hacker-scripts,NARKOZ/hacker-scripts,JavaScript,Based on a true story,19836,3553,NARKOZ,Nihad Abbasov,User,"Katowice, Poland",20876
redux,rackt/redux,JavaScript,Predictable state container for JavaScript apps,11612,1180,rackt,,Organization,,17451
dragula,bevacqua/dragula,JavaScript,:ok_hand: Drag and drop so simple it hurts,10737,593,bevacqua,Nicolás Bevacqua,User,https://twitter.com/nzgb,20409
clipboard.js,zenorocha/clipboard.js,JavaScript,:scissors: Modern copy to clipboard. No Flash. Just 2kb :clipboard:,10268,438,zenorocha,Zeno Rocha,User,"Los Angeles, CA",10268
react-canvas,Flipboard/react-canvas,JavaScript,High performance <canvas> rendering for React components,7410,562,Flipboard,Flipboard,Organization,"Palo Alto, CA",9004
mostly-adequate-guide,MostlyAdequate/mostly-adequate-guide,JavaScript,Mostly adequate guide to FP (in javascript),7170,465,MostlyAdequate,,Organization,,7170
blessed-contrib,yaronn/blessed-contrib,JavaScript,Build terminal dashboards using ascii/ansi art and javascript,7191,253,yaronn,Yaron Naveh,User,Israel,9234
is.js,arasatasaygin/is.js,JavaScript,Micro check library,6468,459,arasatasaygin,Aras,User,"İstanbul, Turkey",6468
wp-calypso,Automattic/wp-calypso,JavaScript,The new JavaScript- and API-powered WordPress.com,6452,713,Automattic,Automattic,Organization,Worldwide,6717
platform,mattermost/platform,JavaScript,Open source Slack-alternative in Golang and React - Mattermost,6136,579,mattermost,Mattermost,Organization,,6136
serverless,serverless/serverless,JavaScript,Serverless (formerly JAWS): The serverless application framework – Use bleeding-edge AWS services to redefine how to build massively scalable (and cheap) apps! – ,5910,290,serverless,Serverless,Organization,"Oakland, CA",5910
purifycss,purifycss/purifycss,JavaScript,Remove unused CSS. Also works with single-page apps.,5728,202,purifycss,PurifyCSS,Organization,,5992
HackMyResume,hacksalot/HackMyResume,JavaScript,"Generate polished résumés and CVs in HTML, Markdown, LaTeX, MS Word, PDF, plain text, JSON, XML, YAML, smoke signal, and carrier pigeon.",5101,189,hacksalot,hacksalot,User,Yay,5101
relay,facebook/relay,JavaScript,Relay is a JavaScript framework for building data-driven React applications.,5323,357,facebook,Facebook,Organization,"Menlo Park, California",61260
amphtml,ampproject/amphtml,JavaScript,"AMP HTML source code, samples, and documentation.  See below for more info.",5188,502,ampproject,AMP Project,Organization,,5188
You-Dont-Need-jQuery,oneuijs/You-Dont-Need-jQuery,JavaScript,"Examples of how to do query, style, dom, ajax, event etc like jQuery with plain javascript.",5147,298,oneuijs,OneUI,Organization,,5147
falcor,Netflix/falcor,JavaScript,A JavaScript library for efficient data fetching,5140,208,Netflix,"Netflix, Inc.",Organization,"Los Gatos, California",8686
slideout,Mango/slideout,JavaScript,A touch slideout navigation menu for your mobile web apps.,5052,723,Mango,Mango,Organization,"Buenos Aires, Argentina",5052
material-theme,equinusocio/material-theme,JavaScript,"Material Theme, the most epic theme for Sublime Text 3 by Mattia Astorino",4977,312,equinusocio,Mattia Astorino,User,Turin,4977
volkswagen,auchenberg/volkswagen,JavaScript,":see_no_evil: Volkswagen detects when your tests are being run in a CI server, and makes them pass.",4716,96,auchenberg,Kenneth Auchenberg,User,"Vancouver, Canada",4988
notie.js,jaredreich/notie.js,JavaScript,"A clean and simple notification plugin (alert/growl style) for javascript, with no dependencies.",4196,232,jaredreich,Jared Reich,User,Canada,4196
awesomplete,LeaVerou/awesomplete,JavaScript,"Ultra lightweight, usable, beautiful autocomplete with zero dependencies.",4172,294,LeaVerou,Lea Verou,User,"Cambridge, MA",6767
layzr.js,callmecavs/layzr.js,JavaScript,"A small, fast, modern, and dependency-free library for lazy loading.",4079,192,callmecavs,Michael Cavalea,User,"New York, NY",5797
plyr,Selz/plyr,JavaScript,A simple HTML5 media player,4017,287,Selz,Selz,Organization,Sydney,4017
react-desktop,gabrielbull/react-desktop,JavaScript,React UI Components for OS X El Capitan and Windows 10,4007,125,gabrielbull,Gabriel Bull,User,"Montréal, Canada",4007
Clusterize.js,NeXTs/Clusterize.js,JavaScript,Tiny vanilla JS plugin to display large data sets easily,3991,172,NeXTs,Denis Lukov,User,"Odessa, Ukraine",5625
uBlock,gorhill/uBlock,JavaScript,uBlock Origin - An efficient blocker for Chromium and Firefox. Fast and lean.,3878,206,gorhill,Raymond Hill,User,Canada / Québec,3878
plotly.js,plotly/plotly.js,JavaScript,The open source javascript graphing library that powers plotly,3849,226,plotly,Plotly,Organization,Montréal,3849
elevator.js,tholman/elevator.js,JavaScript,"Finally, a 'back to top' button that behaves like a real elevator. ",3851,396,tholman,Tim Holman,User,"NYC, for the most part.",6993
echo-chamber-js,tessalt/echo-chamber-js,JavaScript,Commenting without the comments,3552,94,tessalt,Tessa Thornton,User,Canada,3552
jquery-tips-everyone-should-know,AllThingsSmitty/jquery-tips-everyone-should-know,JavaScript,A collection of simple tips to help up your jQuery game,3512,333,AllThingsSmitty,Matt Smith,User,"Portland, Maine",8838
standard,feross/standard,JavaScript,:star2: JavaScript Standard Style,3477,198,feross,Feross Aboukhadijeh,User,"Mountain View, CA",3796
react-ui-builder,ipselon/react-ui-builder,JavaScript,[DEPRECATED] React UI Builder became Structor http://helmetrex.com,3473,142,ipselon,Alex Pustovalov,User,Ukraine,5899
git-stats,IonicaBizau/git-stats,JavaScript,:four_leaf_clover: Local git statistics including GitHub-like contributions calendars.,3442,68,IonicaBizau,Ionică Bizău,User,Romania,4581
vibrant.js,jariz/vibrant.js,JavaScript,Extract prominent colors from an image. JS port of Android's Palette.,3407,107,jariz,Jari Zwarts,User,"Amsterdam, The Netherlands",4217
nuclide,facebook/nuclide,JavaScript,"An open IDE for web and native mobile development, built on top of Atom ",3331,183,facebook,Facebook,Organization,"Menlo Park, California",61260
react-motion,chenglou/react-motion,JavaScript,A spring that solves your animation problems.,3169,136,chenglou,Cheng Lou,User,"Montreal, Canada",3169
react-demos,ruanyf/react-demos,JavaScript,a collection of simple demos of React.js,3176,1212,ruanyf,Ruan YiFeng,User,"Shanghai, China",4394
butter-desktop,butterproject/butter-desktop,JavaScript,All the free parts of what used to be Popcorn Time,3120,622,butterproject,,Organization,,3120
react-redux-universal-hot-example,erikras/react-redux-universal-hot-example,JavaScript,"A starter boilerplate for a universal webapp using express, react, redux, webpack, and react-transform",3085,626,erikras,Erik Rasmussen,User,Spain,4607
labella.js,twitter/labella.js,JavaScript,Placing labels on a timeline without overlap.,3046,74,twitter,"Twitter, Inc.",Organization,"San Francisco, CA",7027
GitTorrent,cjb/GitTorrent,JavaScript,A decentralization of GitHub using BitTorrent and Bitcoin,3056,133,cjb,Chris Ball,User,"New York City, USA",3056
stf,openstf/stf,JavaScript,Control and manage Android devices from your browser.,3052,260,openstf,STF,Organization,Tokyo,3052
relax,relax/relax,JavaScript,New generation CMS on top of React and Node.js,2978,160,relax,Relax,Organization,,2978
exercises,kolodny/exercises,JavaScript,Some basic javascript coding challenges and interview questions,2848,350,kolodny,Moshe Kolodny,User,New York,2848
vantage,dthree/vantage,JavaScript,"Distributed, realtime CLI for live Node apps.",2832,62,dthree,dc,User,Los Angeles,4088
graphql-js,graphql/graphql-js,JavaScript,A reference implementation of GraphQL for JavaScript,2818,170,graphql,Facebook GraphQL,Organization,"Menlo Park, CA",4721
rollup,rollup/rollup,JavaScript,Next-generation ES6 module bundler,2661,64,rollup,,Organization,,2661
betwixt,kdzwinel/betwixt,JavaScript,:zap: Web Debugging Proxy based on Chrome DevTools Network panel.,2673,52,kdzwinel,Konrad Dzwinel,User,"Kraków, Poland",2673
hound,etsy/hound,JavaScript,Lightning fast code searching made easy,2644,195,etsy,"Etsy, Inc.",Organization,"Brooklyn, NY",3466
slackin,rauchg/slackin,JavaScript,Public Slack organizations made easy,2631,374,rauchg,Guillermo Rauch,User,SF,3866
jsblocks,astoilkov/jsblocks,JavaScript,Better MV-ish Framework,2635,113,astoilkov,Antonio Stoilkov,User,Bulgaria,3385
TheaterJS,Zhouzi/TheaterJS,JavaScript,Typing effect mimicking human behavior.,2580,141,Zhouzi,Gabin Aureche,User,France,2717
shipit,shipitjs/shipit,JavaScript,Universal automation and deployment tool written in JavaScript.,2552,78,shipitjs,Shipit,Organization,"Paris, France",2686
react-toolbox,react-toolbox/react-toolbox,JavaScript,A set of React components implementing Google's Material Design specification with the power of CSS Modules,2523,153,react-toolbox,React Toolbox,Organization,,2523
redux-devtools,gaearon/redux-devtools,JavaScript,"DevTools for Redux with hot reloading, action replay, and customizable UI",2494,165,gaearon,Dan Abramov,User,"London, UK",7814
radium,FormidableLabs/radium,JavaScript,A toolchain for React component styling.,2491,112,FormidableLabs,Formidable,Organization,"Seattle, WA",5716
whatiscode,BloombergMedia/whatiscode,JavaScript,Paul Ford’s “What Is Code?”,2460,187,BloombergMedia,Bloomberg Media,Organization,,2460
HTML-GL,PixelsCommander/HTML-GL,JavaScript,Get as many FPS as you need and amazing effects by rendering HTML/CSS in WebGL,2446,89,PixelsCommander,Denis Radin,User,"Amsterdam, Netherlands",2446
reactjs_koans,arkency/reactjs_koans,JavaScript,Learn basics of React.js making the tests pass,2437,182,arkency,Arkency,Organization,,2549
structor,ipselon/structor,JavaScript,User interface builder for React,2426,78,ipselon,Alex Pustovalov,User,Ukraine,5899
react-boilerplate,mxstbr/react-boilerplate,JavaScript,":fire: Quick setup for performance orientated, offline-first React.js applications featuring Redux, hot-reloading, PostCSS, react-router, ServiceWorker, AppCache, FontFaceObserver and Mocha.",2260,72,mxstbr,Max Stoiber,User,"Vienna, Austria",2260
rodeo,yhat/rodeo,JavaScript,A data science IDE for Python,2356,210,yhat,yhat,Organization,"New York, NY",3165
enzyme,airbnb/enzyme,JavaScript,JavaScript Testing utilities for React,2336,53,airbnb,Airbnb,Organization,San Francisco,8936
ttystudio,chjj/ttystudio,JavaScript,A terminal-to-gif recorder minus the headaches.,2325,53,chjj,Christopher Jeffrey (JJ),User,San Francisco,2325
react-transform-boilerplate,gaearon/react-transform-boilerplate,JavaScript,"A new Webpack boilerplate with hot reloading React components, and error handling on module and component level.",2229,239,gaearon,Dan Abramov,User,"London, UK",7814
lost,peterramsing/lost,JavaScript,"PostCSS fractional grid system built with calc() by the guy who built Jeet. Supports masonry, vertical, and waffle grids.",2180,104,peterramsing,Peter Ramsing,User,"Portland, Oregon",2180
tota11y,Khan/tota11y,JavaScript,an accessibility (a11y) visualization toolkit,2177,72,Khan,Khan Academy,Organization,"Mountain View, CA",2177
toxy,h2non/toxy,JavaScript,Hackable HTTP proxy to simulate server failure scenarios and network conditions,2171,60,h2non,Tomás Aparicio,User,"Dublin, Ireland",3103
Windows-universal-samples,Microsoft/Windows-universal-samples,JavaScript,"This repo contains the samples that demonstrate the API usage patterns for the Universal Windows Platform (UWP) in the Windows Software Development Kit (SDK) for Windows 10. These code samples are designed to run on both desktop, mobile and future devices that support the UWP.",2156,1673,Microsoft,Microsoft,Organization,"Redmond, WA",23867
react-native-nw-react-calculator,benoitvallon/react-native-nw-react-calculator,JavaScript,"Mobile, desktop and website Apps with the same code",2124,136,benoitvallon,Benoit VALLON,User,"New York, NY",2124
friends,moose-team/friends,JavaScript,:tv: P2P chat powered by the web.,2085,191,moose-team,MOOSE Team,Organization,A Distributed Hash Table Near You,2085
node-convergence-archive,nodejs/node-convergence-archive,JavaScript,Archive for node/io.js convergence work pre-3.0.0,2074,133,nodejs,,Organization,,3323
spectacle,FormidableLabs/spectacle,JavaScript,ReactJS based Presentation Library,2054,138,FormidableLabs,Formidable,Organization,"Seattle, WA",5716
wopr,yaronn/wopr,JavaScript,"A simple markup language for creating rich terminal reports, presentations and infographics",2043,41,yaronn,Yaron Naveh,User,Israel,9234
Split.js,nathancahill/Split.js,JavaScript,"Lightweight, unopinionated utility for adjustable split views",2009,79,nathancahill,Nathan Cahill,User,,2009
Typeset,davidmerfield/Typeset,JavaScript,An html pre-proces­sor for web ty­pog­ra­phy,2038,43,davidmerfield,David Merfield,User,San Francisco,2038
flux-comparison,voronianski/flux-comparison,JavaScript,Practical comparison of different Flux solutions,2017,131,voronianski,Dmitri Voronianski,User,"Kiev, Ukraine",3104
botkit,howdyai/botkit,JavaScript,Botkit is a toolkit for making bot applications,1987,100,howdyai,Howdy,Organization,"Austin, TX",1987
elemental,elementalui/elemental,JavaScript,A flexible and beautiful UI framework for React.js,1998,92,elementalui,Elemental UI,Organization,,1998
Ionic-Material,zachsoft/Ionic-Material,JavaScript,Seamless Material Design theme for Ionic,1995,537,zachsoft,Zach Fitzgerald,User,"Salt Lake City, UT",1995
doppler,DanielRapp/doppler,JavaScript,:wave: Motion detection using the doppler effect,1981,145,DanielRapp,Daniel Rapp,User,"Linköping, Sweden",1981
menubar,maxogden/menubar,JavaScript,➖ high level way to create menubar desktop applications with electron (formerly atom-shell),1966,95,maxogden,=^._.^=,User,,4885
node-osmosis,rc0x03/node-osmosis,JavaScript,Web scraper for NodeJS,1965,65,rc0x03,Robbie Chipka,User,"Wooster, Ohio",1965
gatsby,gatsbyjs/gatsby,JavaScript,Transform plain text into dynamic blogs and websites using React.js,1961,70,gatsbyjs,,Organization,,1961
ZhiHuDaily-React-Native,race604/ZhiHuDaily-React-Native,JavaScript,A Zhihu Daily(http://daily.zhihu.com/) App client implemented using React Native (Android and iOS).,1953,407,race604,,User,"Beijing, China",4036
deck-of-cards,pakastin/deck-of-cards,JavaScript,HTML5 Deck of Cards,1852,209,pakastin,Juha Lindstedt,User,Finland,2132
fixed-data-table,facebook/fixed-data-table,JavaScript,A React table component designed to allow presenting thousands of rows of data.,1845,229,facebook,Facebook,Organization,"Menlo Park, California",61260
memory-stats.js,paulirish/memory-stats.js,JavaScript,minimal monitor for JS Heap Size via performance.memory,1731,87,paulirish,Paul Irish,User,Palo Alto,2560
SUI-Mobile,sdc-alibaba/SUI-Mobile,JavaScript,SUI Mobile (MSUI)是由阿里巴巴国际UED前端出品的移动端UI库，轻量精美,1744,380,sdc-alibaba,Alibaba-IntlUED-FD,Organization,,1744
essential-react,pheuter/essential-react,JavaScript,A minimal skeleton for building testable React apps using ES6,1747,84,pheuter,Mark Fayngersh,User,New York,1747
jump.js,callmecavs/jump.js,JavaScript,"A small, modern, dependency-free smooth scrolling library.",1718,48,callmecavs,Michael Cavalea,User,"New York, NY",5797
ife,baidu-ife/ife,JavaScript,Baidu Institute of Front－End Technology,1714,1954,baidu-ife,,Organization,,1714
booking-js,timekit-io/booking-js,JavaScript,:date: Make a beautiful embeddable booking widget in minutes,1723,73,timekit-io,Timekit,Organization,,1723
incremental-dom,google/incremental-dom,JavaScript,,1723,58,google,Google,Organization,,70104
ContentTools,GetmeUK/ContentTools,JavaScript,A JS library for building WYSIWYG editors for HTML content.,1725,116,GetmeUK,getme,Organization,"Worcester, UK",1725
animateplus,bendc/animateplus,JavaScript,CSS and SVG animation library,1708,84,bendc,Benjamin De Cock,User,Belgium,7853
mui,muicss/mui,JavaScript,Lightweight CSS framework,1695,159,muicss,,Organization,"New York, NY",1981
react-color,casesandberg/react-color,JavaScript,":art: Color Pickers from Sketch, Photoshop, Chrome & more",1690,77,casesandberg,case,User,,2732
react-redux,rackt/react-redux,JavaScript,Official React bindings for Redux,1679,194,rackt,,Organization,,17451
mention-bot,facebook/mention-bot,JavaScript,Automatically mention potential reviewers on pull requests.,1680,76,facebook,Facebook,Organization,"Menlo Park, California",61260
js-cookie,js-cookie/js-cookie,JavaScript,"A simple, lightweight JavaScript API for handling browser cookies",1661,253,js-cookie,,Organization,The internet,1661
react-redux-starter-kit,davezuko/react-redux-starter-kit,JavaScript,"Get started with React, Redux, and React-Router!",1643,278,davezuko,David Zukowski,User,Michigan,1643
prosemirror,ProseMirror/prosemirror,JavaScript,The ProseMirror WYSIWYM editor,1648,86,ProseMirror,,Organization,,1648
fuzzysearch,bevacqua/fuzzysearch,JavaScript,:crystal_ball: Tiny and blazing-fast fuzzy search in JavaScript,1647,37,bevacqua,Nicolás Bevacqua,User,https://twitter.com/nzgb,20409
x-ray,lapwinglabs/x-ray,JavaScript,The next web scraper. See through the <html> noise.,1637,112,lapwinglabs,Lapwing Labs,Organization,San Francisco,2109
hack.chat,AndrewBelt/hack.chat,JavaScript,"a minimal, distraction-free chat application",1636,225,AndrewBelt,Andrew Belt,User,University of Tennessee,1910
Jets.js,NeXTs/Jets.js,JavaScript,Native CSS search engine,1634,57,NeXTs,Denis Lukov,User,"Odessa, Ukraine",5625
airflow,airbnb/airflow,JavaScript,"Airflow is a system to programmatically author, schedule and monitor data pipelines.",1611,297,airbnb,Airbnb,Organization,San Francisco,8936
vector,Netflix/vector,JavaScript,Vector is an on-host performance monitoring framework which exposes hand picked high resolution metrics to every engineer’s browser.,1603,90,Netflix,"Netflix, Inc.",Organization,"Los Gatos, California",8686
img2css,javierbyte/img2css,JavaScript,Convert any image to pure CSS.,1583,112,javierbyte,Javier Bórquez,User,"Guadalajara, MX",2047
iron-node,s-a/iron-node,JavaScript,Debug Node.js code with Chrome Developer Tools.,1534,35,s-a,Stephan Ahlf,User,Hamburg Germany,1534
HackerNews-React-Native,iSimar/HackerNews-React-Native,JavaScript,Hacker News iOS and Android App - Made with React Native.,1537,160,iSimar,Simar,User,"Toronto, ON, Canada",1646
webglstudio.js,jagenjo/webglstudio.js,JavaScript,"A full 3D graphics editor in the browser, with scene editor, coding pad, graph editor, virtual file system, and many features more.",1529,131,jagenjo,Javi Agenjo,User,Barcelona,1529
engine,Famous/engine,JavaScript,,1516,221,Famous,Famo.us,Organization,,1873
iconate,bitshadow/iconate,JavaScript,Transform your icons with trendy animations.,1512,160,bitshadow,Jignesh Kakadiya,User,"Bangalore, India",1512
documentation,documentationjs/documentation,JavaScript,"beautiful, flexible, powerful js docs",1499,47,documentationjs,,Organization,Worldwide,1499
react-isomorphic-starterkit,RickWong/react-isomorphic-starterkit,JavaScript,Create an isomorphic React app in less than 5 minutes!,1494,125,RickWong,Rick,User,"Amsterdam, NL",2339
Fluid-for-Sketch,matt-curtis/Fluid-for-Sketch,JavaScript,(Sketch Plugin) Sketch-flavored Auto Layout-like Constraints,1487,34,matt-curtis,Matt Curtis,User,,1487
t3js,box/t3js,JavaScript,A minimal component-based JavaScript framework,1475,112,box,Box,Organization,"Los Altos, CA",1943
react-native-desktop,ptmt/react-native-desktop,JavaScript,React Native for OS X ,1447,46,ptmt,Dima,User,Novosibirsk,1447
ioredis,luin/ioredis,JavaScript,"A robust, performance-focused and full-featured Redis client for Node and io.js.",1427,93,luin,Zihua Li,User,"Beijing, China",1427
justice,okor/justice,JavaScript,Embeddable script for displaying web page performance metrics.,1417,47,okor,Jason Ormand,User,"Astoria, NY",1417
Sketch-Flex-Layout,hrescak/Sketch-Flex-Layout,JavaScript,Plugin for Sketch allowing for CSS Flexbox layouts using stylesheets and prototypes,1410,49,hrescak,Matej Hrescak,User,"Palo Alto, Caliornia",1410
bliss,LeaVerou/bliss,JavaScript,Blissful JavaScript,1407,71,LeaVerou,Lea Verou,User,"Cambridge, MA",6767
fly,bucaran/fly,JavaScript,New Generation Build System,1401,45,bucaran,Jorge Bucaran,User,"Tokyo, Japan",2495
atom-pair,pusher/atom-pair,JavaScript,An Atom package that allows for epic pair programming,1395,24,pusher,Pusher,Organization,"London, UK",1395
flux-challenge,staltz/flux-challenge,JavaScript,A frontend challenge to test UI architectures and solutions,1384,172,staltz,André Staltz,User,"Helsinki, Finland",1504
MProgress.js,lightningtgc/MProgress.js,JavaScript,Material Progress —Google Material Design Progress linear bar. By using CSS3 and vanilla JavaScript. ,1379,93,lightningtgc,gctang,User,China,1944
cta.js,chinchang/cta.js,JavaScript,Animate your 'action-to-effect' paths,1374,128,chinchang,Kushagra Gour,User,"Delhi, India",1981
redux-router,acdlite/redux-router,JavaScript,Redux bindings for React Router – keep your router state inside your Redux store,1369,133,acdlite,Andrew Clark,User,"Redwood City, CA",4345
speed-test,sindresorhus/speed-test,JavaScript,Test your internet connection speed and ping using speedtest.net from the CLI,1369,43,sindresorhus,Sindre Sorhus,User,✈,11371
Mancy,princejwesley/Mancy,JavaScript, >_ Electron based NodeJS REPL :see_no_evil:,1330,71,princejwesley,Prince John Wesley,User,"Chennai, India",1330
react-refetch,heroku/react-refetch,JavaScript,"A simple, declarative, and composable way to fetch data for React components",1319,31,heroku,Heroku,Organization,"San Francisco, CA",1458
warriorjs,olistic/warriorjs,JavaScript,Game written in JavaScript for learning JavaScript and artificial intelligence.,1322,87,olistic,Matías Olivera,User,"Montevideo, Uruguay",1322
slack-poker-bot,CharlieHess/slack-poker-bot,JavaScript,A bot that deals Texas Hold'em games in Slack,1315,102,CharlieHess,Charlie Hess,User,"San Francisco, CA",1315
redux-simple-router,rackt/redux-simple-router,JavaScript,Ruthlessly simple bindings to keep react-router and redux in sync,1273,75,rackt,,Organization,,17451
unindexed,mroth/unindexed,JavaScript,:mag_right::grey_question: website that irrevocably deletes itself once indexed,1301,108,mroth,Matthew Rothenberg,User,"Brooklyn, NY",1301
lebab,mohebifar/lebab,JavaScript,Turn your ES5 code into readable ES6. It does the opposite of what Babel does.,1272,37,mohebifar,Mohamad Mohebifar,User,"Tehran, Iran",1272
reselect,rackt/reselect,JavaScript,Selector library for Redux,1257,32,rackt,,Organization,,17451
styleguide,hugeinc/styleguide,JavaScript,A tool to make creating and maintaining style guides easy.,1270,97,hugeinc,Huge,Organization,Brooklyn / Los Angeles / London / Rio De Janeiro / Portland,1270
babel-sublime,babel/babel-sublime,JavaScript,Syntax definitions for ES6 JavaScript with React JSX extensions.,1265,48,babel,Babel,Organization,,2097
frontend-boilerplate,tj/frontend-boilerplate,JavaScript,webpack-react-redux-babel-autoprefixer-hmr-postcss-css-modules-rucksack-boilerplate,942,50,tj,TJ Holowaychuk,User,"Victoria, BC, Canada",1369
redux-tutorial,happypoulp/redux-tutorial,JavaScript,Learn how to use redux step by step,1253,145,happypoulp,François Bonnefont,User,"Paris, France",1253
trine,jussi-kalliokoski/trine,JavaScript,A utility library for modern JavaScript.,1239,38,jussi-kalliokoski,Jussi Kalliokoski,User,Helsinki,1239
fontmin,ecomfe/fontmin,JavaScript,Minify font seamlessly,1237,72,ecomfe,Baidu EFE team,Organization,Beijing & Shanghai & Shenzhen,1936
material-start,angular/material-start,JavaScript,Quick Starter Repository for Angular Material,1221,852,angular,Angular,Organization,,2141
react-css-modules,gajus/react-css-modules,JavaScript,Seamless mapping of class names to CSS modules inside of React components.,1222,39,gajus,Gajus Kuizinas,User,London,1385
woofmark,bevacqua/woofmark,JavaScript,":dog2: Barking up the DOM tree. A modular, progressive, and beautiful Markdown and HTML editor",1224,38,bevacqua,Nicolás Bevacqua,User,https://twitter.com/nzgb,20409
texgen.js,mrdoob/texgen.js,JavaScript,Procedural Texture Generator,1222,55,mrdoob,Mr.doob,User,"London, England",1222
react-map-gl,uber/react-map-gl,JavaScript,,1211,46,uber,Uber,Organization,,2875
angular2-webpack-starter,AngularClass/angular2-webpack-starter,JavaScript,"An Angular 2 Webpack Starter kit featuring Angular 2 (Router, Http, Forms, Services, Tests, E2E), Karma, Protractor, Jasmine, Istanbul, TypeScript, Typings, and Webpack by @AngularClass",1176,421,AngularClass,AngularClass,Organization,"San Francisco, CA",2510
egg.js,mikeflynn/egg.js,JavaScript,A simple javascript library to add easter eggs to web pages.,1194,52,mikeflynn,Mike Flynn,User,"San Francisco, CA",1194
dreamjs,adleroliveira/dreamjs,JavaScript,A lightweight json data generator.,1166,50,adleroliveira,Adler Oliveira,User,Chile,1166
d3-shape,d3/d3-shape,JavaScript,"Graphical primitives for visualization, such as lines and areas.",1161,32,d3,D3,Organization,,1859
belle,nikgraf/belle,JavaScript,Configurable React Components with great UX,1159,32,nikgraf,Nik Graf,User,Vienna,1159
electron-react-boilerplate,chentsulin/electron-react-boilerplate,JavaScript,Live editing development on desktop app,1142,116,chentsulin,C. T. Lin,User,"Taipei, Taiwan",1770
drool,samccone/drool,JavaScript,⛲️    automated memory leak detection and analysis,1136,27,samccone,Sam Saccone,User,∆∆∆,1136
rucksack,simplaio/rucksack,JavaScript,"A little bag of CSS superpowers, built on PostCSS",1085,29,simplaio,Simpla,Organization,"Melbourne, Australia",1085
vorpal,dthree/vorpal,JavaScript,Node's framework for interactive CLI apps.,1108,35,dthree,dc,User,Los Angeles,4088
redux-form,erikras/redux-form,JavaScript,A Higher Order Component using react-redux to keep form state in a Redux store,1098,98,erikras,Erik Rasmussen,User,Spain,4607
amok,caspervonb/amok,JavaScript,Develop your web application without reloading,1107,35,caspervonb,Casper Beyer,User,,1107
filepizza,kern/filepizza,JavaScript,:pizza: Peer-to-peer file transfers in your browser,1103,75,kern,Alex Kern,User,"Berkeley, CA",1103
beep.js,stewdio/beep.js,JavaScript,Beep is a JavaScript toolkit for building browser-based synthesizers.,1097,72,stewdio,Stewart,User,Brooklyn NY,1097
blog,jlongster/blog,JavaScript,All the sources for my react-powered blog,1093,70,jlongster,James Long,User,"Richmond, VA",1251
antimoderate,whackashoe/antimoderate,JavaScript,The progressive image loading library for great good!,1085,71,whackashoe,,User,Eau Claire ,1085
agar.io-clone,huytd/agar.io-clone,JavaScript,Agar.io clone written with Socket.IO and HTML5 canvas,1086,395,huytd,Henry Tr.,User,"San Jose, CA",1520
react-webpack-cookbook,christianalfoni/react-webpack-cookbook,JavaScript,A cookbook for using webpack with React JS,1082,125,christianalfoni,Christian Alfoni,User,Norway,1563
chromecasts,mafintosh/chromecasts,JavaScript,Query your local network for Chromecasts and have them play media,1077,44,mafintosh,Mathias Buus,User,"Copenhagen, Denmark",3455
flexibility,10up/flexibility,JavaScript,Use flexbox while supporting older Internet Explorers,1042,43,10up,10up,Organization,United States,1042
Facebook-Messenger-Desktop,Aluxian/Facebook-Messenger-Desktop,JavaScript,"Bring messenger.com to your OS X, Windows or Linux desktop.",1057,138,Aluxian,Alexandru Rosianu,User,Europe,2170
guesstimate-app,getguesstimate/guesstimate-app,JavaScript,Create Fermi Estimates and Perform Monte Carlo Estimates,382,22,getguesstimate,,Organization,,382
updtr,peerigon/updtr,JavaScript,Update outdated npm modules with zero pain™,1013,11,peerigon,peerigon,Organization,"Augsburg, Germany ",1013
DICSS,letsgetrandy/DICSS,JavaScript,Directly injected CSS,1023,82,letsgetrandy,Randy Hunt,User,Chicago,1023
Sketch-Constraints,bouchenoiremarc/Sketch-Constraints,JavaScript,A plugin that integrates constraints in Sketch to lay out layers.,1019,31,bouchenoiremarc,Marc Bouchenoire,User,France,1019
atvImg,drewwilson/atvImg,JavaScript,,1014,67,drewwilson,Drew Wilson,User,,1014
WhatsApp-Desktop,Aluxian/WhatsApp-Desktop,JavaScript,"Use WhatsApp on your OS X, Windows or Linux desktop.",1009,151,Aluxian,Alexandru Rosianu,User,Europe,2170
electron-packager,maxogden/electron-packager,JavaScript,"Package and distribute your Electron app in OS executables (.app, .exe etc) via JS or CLI. Maintained by the community",1005,92,maxogden,=^._.^=,User,,4885
datedropper,felicegattuso/datedropper,JavaScript,datedropper is a jQuery plugin that provides a quick and easy way to manage dates for input fields.,998,124,felicegattuso,Felice Gattuso,User,"Bologna, Italy",998
velocity-react,twitter-fabric/velocity-react,JavaScript,React components for Velocity.js,994,48,twitter-fabric,Twitter Fabric,Organization,Boston & San Francisco,1118
aframe,aframevr/aframe,JavaScript,Building Blocks for the VR Web,977,89,aframevr,A-Frame,Organization,,977
editor.md,pandao/editor.md,JavaScript,The open source embeddable online markdown editor (component).,982,240,pandao,pandao,User,"Xiamen, China",982
shireframe,tsx/shireframe,JavaScript,"Declarative wireframes for programmers, based on web technologies. Pull requests are welcome!",981,40,tsx,Vyacheslav Tverskoy,User,,981
mesh.js,crcn/mesh.js,JavaScript,flexible message bus library,975,16,crcn,Craig Condon,User,"San Francisco, California",975
algebra.js,nicolewhite/algebra.js,JavaScript,"Build, display, and solve algebraic equations.",959,35,nicolewhite,Nicole White,User,"San Mateo, CA",959
flexboxfroggy,thomaspark/flexboxfroggy,JavaScript,A game for learning CSS flexbox,952,81,thomaspark,Thomas Park,User,Philadelphia,1377
Packages,sublimehq/Packages,JavaScript,,953,82,sublimehq,Sublime HQ Pty Ltd,User,,953
hjs-webpack,HenrikJoreteg/hjs-webpack,JavaScript,Helpers/presets for setting up webpack with hotloading react and ES6(2015) using Babel.,945,82,HenrikJoreteg,Henrik Joreteg,User,"West Richland, WA",1476
jsxstyle,petehunt/jsxstyle,JavaScript,,951,20,petehunt,Pete Hunt,User,"San Francisco, CA",1621
type.js,nathanford/type.js,JavaScript,Type.js – Typographic tools for better web type.,948,49,nathanford,Nathan Ford,User,"Penarth, Wales",948
react-dom-stream,aickin/react-dom-stream,JavaScript,A streaming server-side rendering library for React.,945,14,aickin,Sasha Aickin,User,"San Francisco, CA",945
git-commander,golbin/git-commander,JavaScript,A git tool with an easy terminal interface.,941,41,golbin,Jin Kim,User,Seoul,941
code-prettify,google/code-prettify,JavaScript,Automatically exported from code.google.com/p/google-code-prettify,931,165,google,Google,Organization,,70104
Programming-Alpha-To-Omega,justjavac/Programming-Alpha-To-Omega,JavaScript,从零开始学编程 系列汇总（从α到Ω）,931,303,justjavac,迷渡,User,"Tianjin, China",931
RxJS,ReactiveX/RxJS,JavaScript,A reactive programming library for JavaScript,919,78,ReactiveX,ReactiveX,Organization,,3395
YouTransfer,remie/YouTransfer,JavaScript,The simple but elegant self-hosted file transfer & sharing solution,925,36,remie,Remie Bolte,User,"Amsterdam, Netherlands",925
pencil,prikhi/pencil,JavaScript,Multiplatform GUI Prototyping/Wireframing,917,76,prikhi,Lysergia,User,,917
responsively-lazy,ivopetkov/responsively-lazy,JavaScript,Lazy load responsive images,902,17,ivopetkov,Ivo Petkov,User,,902
react-blessed,Yomguithereal/react-blessed,JavaScript,A react renderer for blessed.,899,27,Yomguithereal,Guillaume Plique,User,France,1085
watermarkjs,brianium/watermarkjs,JavaScript,Watermarking for the browser,901,52,brianium,Brian Scaturro,User,United States,901
browser.html,mozilla/browser.html,JavaScript,Experimental browser built in HTML,889,80,mozilla,Mozilla,Organization,"Mountain View, California",1905
playback,mafintosh/playback,JavaScript,Video player build using atom-shell and node.js,883,87,mafintosh,Mathias Buus,User,"Copenhagen, Denmark",3455
mrn,binggg/mrn,JavaScript,Material React Native (MRN) - A Material Design style React Native component library.,879,55,binggg,Ben Zhao,User,China,879
pokedex.org,nolanlawson/pokedex.org,JavaScript,Offline-capable Pokédex web site,875,59,nolanlawson,Nolan Lawson,User,NYC,875
reactcss,casesandberg/reactcss,JavaScript,:large_blue_diamond: Bringing Classes to Inline Styles,876,25,casesandberg,case,User,,2732
mongotron,officert/mongotron,JavaScript,Cross platform Mongo DB management,860,37,officert,Tim Officer,User,"Boston, MA",860
mojibar,muan/mojibar,JavaScript,:tangerine: Emoji searcher but as a menubar app.,859,38,muan,Mu-An Chiou,User,Travelling,969
fingerprintjs2,Valve/fingerprintjs2,JavaScript,"Modern & flexible browser fingerprinting library, a successor to the original fingerprintjs",861,136,Valve,Valentin Vasilyev,User,Кисловодск,861
neural-network-papers,robertsdionne/neural-network-papers,JavaScript,,860,98,robertsdionne,Robert Dionne,User,New York,860
hacker-menu,jingweno/hacker-menu,JavaScript,Hacker News Delivered to Desktop :dancers:,857,62,jingweno,Jingwen Owen Ou,User,Vancouver,2385
graphiql,graphql/graphiql,JavaScript,An in-browser IDE for exploring GraphQL.,854,43,graphql,Facebook GraphQL,Organization,"Menlo Park, CA",4721
recompose,acdlite/recompose,JavaScript,A React utility belt for function components and higher-order components.,851,36,acdlite,Andrew Clark,User,"Redwood City, CA",4345
react-transmit,RickWong/react-transmit,JavaScript,Relay-inspired library based on Promises instead of GraphQL.,845,41,RickWong,Rick,User,"Amsterdam, NL",2339
react-resolver,ericclemmons/react-resolver,JavaScript,Async rendering & data-fetching for universal React applications.,840,25,ericclemmons,Eric Clemmons,User,"Houston, Texas",840
history,rackt/history,JavaScript,"A minimal, functional history library for JavaScript",828,80,rackt,,Organization,,17451
cssfmt,morishitter/cssfmt,JavaScript,"CSSfmt is a tool that automatically formats CSS and SCSS source code, inspired by Gofmt.",835,23,morishitter,Masaaki Morishita,User,"Tokyo, Japan",1093
Agar.io-bot,Apostolique/Agar.io-bot,JavaScript,The aim of the project is to create a bot that can play Agar.io,829,1899,Apostolique,Jean-David Moisan,User,,829
ParseReact,ParsePlatform/ParseReact,JavaScript,Seamlessly bring Parse data into your React applications.,827,104,ParsePlatform,Parse,Organization,"Menlo Park, CA",4296
xo,sindresorhus/xo,JavaScript,JavaScript happiness style linter ❤️,820,23,sindresorhus,Sindre Sorhus,User,✈,11371
ied,alexanderGugel/ied,JavaScript,":package: Like npm, but faster - an alternative package manager for Node (WIP)",821,30,alexanderGugel,Alexander Gugel,User,London,1534
betty,SamyPesse/betty,JavaScript,"Google Voice with Receptionist abilities, built on top of Twilio",818,33,SamyPesse,Samy Pessé,User,"Lyon, France / Mountain View, CA",818
me-api,danfang/me-api,JavaScript,"An extensible, personal API with custom integrations",813,40,danfang,Daniel Fang,User,"Seattle, WA",813
alex,wooorm/alex,JavaScript,"Catch insensitive, inconsiderate writing",797,28,wooorm,Titus Wormer,User,,797
bqplot,bloomberg/bqplot,JavaScript,Plotting library for IPython/Jupyter Notebooks,810,49,bloomberg,Bloomberg Finance L.P.,Organization,"New York, NY",810
mama2,zythum/mama2,JavaScript,妈妈计划-众人拾柴火焰高,801,140,zythum,朱一,User,"Beijing, China",801
promisees,bevacqua/promisees,JavaScript,:incoming_envelope: Promise visualization playground for the adventurous,804,26,bevacqua,Nicolás Bevacqua,User,https://twitter.com/nzgb,20409
react-native-dribbble-app,catalinmiron/react-native-dribbble-app,JavaScript,Dribbble app built with React Native,799,105,catalinmiron,Catalin Miron,User,Bucharest,799
goojs,GooTechnologies/goojs,JavaScript,3D WebGL engine.,799,70,GooTechnologies,Goo Technologies,Organization,,799
webpack_react,survivejs/webpack_react,JavaScript,From apprentice to master (CC BY-NC-ND),789,149,survivejs,SurviveJS,Organization,,789
core,c9/core,JavaScript,Cloud9 Core - Part of the Cloud9 SDK for Plugin Development,793,270,c9,Cloud9,Organization,The world is our playground,793
jstips,loverajoel/jstips,JavaScript,This is about one JS tip every day!,624,20,loverajoel,Joel Lovera,User,Córdoba,744
sketch-palettes,andrewfiorillo/sketch-palettes,JavaScript,Sketch plugin that lets you save and load colors in the color picker,785,28,andrewfiorillo,Andrew Fiorillo,User,"Brooklyn, NY",785
react-d3-components,codesuki/react-d3-components,JavaScript,D3 Components for React,785,79,codesuki,Neri Marschik,User,"Shibuya, Tokyo, Japan",785
be-mean-instagram,Webschool-io/be-mean-instagram,JavaScript,"Curso voltado a ensinar o stack conhecido como MEAN(MongoDb, Express, Angular e Node.js) para criarmos um sistema igual do Instagram.",784,469,Webschool-io,WebSchool.io,Organization,,1233
babel-plugin-handbook,thejameskyle/babel-plugin-handbook,JavaScript,How to create Babel plugins,764,42,thejameskyle,James Kyle,User,"San Francisco, CA",764
react-native-swiper,leecade/react-native-swiper,JavaScript,The best Swiper component for React Native.,776,122,leecade,斯人,User,"Beijing, China",1413
yolk,garbles/yolk,JavaScript,:egg: A library for building asynchronous user interfaces.,776,24,garbles,Gabe Scholz,User,"Vancouver, Canada",776
microm,zzarcon/microm,JavaScript,:musical_note: Beautiful library to convert browser microphone to mp3 in Javascript :musical_note:,773,39,zzarcon,Hector Leon Zarco Garcia,User,✈,773
boron,yuanyan/boron,JavaScript,A collection of dialog animations with React.js,774,67,yuanyan,元彦,User,China,1321
redux-blog-example,GetExpert/redux-blog-example,JavaScript,"Full-featured example with Redux, React-Router, JWT auth and CSS Modules.",770,57,GetExpert,Get Expert,Organization,,770
fis3,fex-team/fis3,JavaScript,FIS3,764,270,fex-team,Baidu FEX team,Organization,beijing,1038
WebFrontEndStack,unruledboy/WebFrontEndStack,JavaScript,"web front end stack: browsers, platforms, libraries, frameworks, tools etc.",764,165,unruledboy,Wilson Chen,User,"Sydney, Australia",1220
vue-strap,yuche/vue-strap,JavaScript,Bootstrap components built with Vue.js,749,86,yuche,yuche,User,,749
ie8linter,israelidanny/ie8linter,JavaScript,"A little tool to lint websites for IE8 compatibility, with warnings for possible pitfalls",755,21,israelidanny,Danny Povolotski,User,"Jerusalem, Israel",755
neal-react,dennybritz/neal-react,JavaScript,Startup Landing Page Components for React.js,753,30,dennybritz,Denny Britz,User,"Stanford, CA",1180
react-native-web,necolas/react-native-web,JavaScript,React Native for Web: A framework for building Native Web Apps,751,31,necolas,Nicolas Gallagher,User,"San Francisco, CA",751
console.message,astoilkov/console.message,JavaScript,Console messages for cool kids,750,13,astoilkov,Antonio Stoilkov,User,Bulgaria,3385
react-engine,paypal/react-engine,JavaScript,a composite render engine for universal (isomorphic) express apps to render both plain react views and react-router views,743,77,paypal,PayPal,Organization,"San Jose, CA",1587
keeweb,antelle/keeweb,JavaScript,KeePass web app (unofficial),723,46,antelle,,User,,723
redux-thunk,gaearon/redux-thunk,JavaScript,Thunk middleware for Redux,719,37,gaearon,Dan Abramov,User,"London, UK",7814
login-with-ssh,altitude/login-with-ssh,JavaScript,An experiment to authenticate web sessions with SSH - http://demo-ssh.32b6.com,723,29,altitude,Clément Salaün,User,"Brest, France",723
mlp-character-recognition,mateogianolio/mlp-character-recognition,JavaScript,Trains a multi-layer perceptron (MLP) neural network to perform optical character recognition (OCR).,720,35,mateogianolio,Mateo Gianolio,User,Sweden,1684
WebClient,ProtonMail/WebClient,JavaScript,Official AngularJS Web Client for ProtonMail,713,82,ProtonMail,,Organization,"Geneva, Switzerland",713
react-native-router,t4t5/react-native-router,JavaScript,Awesome navigation for your React Native app.,707,109,t4t5,Tristan Edwards,User,"Stockholm, Sweden",707
layout-grid,clippings/layout-grid,JavaScript,Static responsive grid with pure css. Javascript using native drag-n-drop to reorder for each screen size on desktop and mobile.,709,27,clippings,Clippings Ltd.,Organization,,709
smart-mirror,evancohen/smart-mirror,JavaScript,The fairest of them all,705,186,evancohen,Evan Cohen,User,Seattle,705
roll,williamngan/roll,JavaScript,roll and scroll tracking -- a tiny javascript library,706,47,williamngan,William Ngan,User,,1596
react-helmet,nfl/react-helmet,JavaScript,A document head manager for React,689,36,nfl,National Football League,Organization,"Culver City, CA",689
gitify,ekonstantinidis/gitify,JavaScript,GitHub Notifications on your menu bar.,690,45,ekonstantinidis,Emmanouil Konstantinidis,User,"Brighton, United Kingdom",690
google-map-react,istarkov/google-map-react,JavaScript,"isomorphic google map react component, allows render react components on the google map",677,52,istarkov,Ivan Starkov,User,"Vologda, Russia",908
react-soundplayer,soundblogs/react-soundplayer,JavaScript,Create custom SoundCloud players with React,675,30,soundblogs,soundblo.gs,Organization,Worldwide,675
commandcar,tikalk/commandcar,JavaScript,curl on steroids,673,14,tikalk,"Tikal Knowledge, Ltd.",Organization,"Tel-Aviv, Israel",673
spaces-design,adobe-photoshop/spaces-design,JavaScript,Adobe Photoshop Design Space,671,42,adobe-photoshop,Adobe Photoshop,Organization,,671
ElasticProgress,codrops/ElasticProgress,JavaScript,Creates a button that turns into a progress bar with a elastic effect. Based on the Dribbble shot 'Download' by xjw,670,61,codrops,Codrops,Organization,,3303
flux-standard-action,acdlite/flux-standard-action,JavaScript,A human-friendly standard for Flux action objects.,664,11,acdlite,Andrew Clark,User,"Redwood City, CA",4345
nipplejs,yoannmoinet/nipplejs,JavaScript,:video_game: A virtual joystick for touch capable interfaces.,667,33,yoannmoinet,Yoann Moinet,User,Montreal,667
horsey,bevacqua/horsey,JavaScript,:horse: Progressive and customizable autocomplete component,667,48,bevacqua,Nicolás Bevacqua,User,https://twitter.com/nzgb,20409
dns.js.org,js-org/dns.js.org,JavaScript,Free and short JS.ORG domains for GitHub Pages,658,333,js-org,JS.ORG,Organization,,772
ManifoldJS,manifoldjs/ManifoldJS,JavaScript,Node.js tool for App Generation,664,60,manifoldjs,ManifoldJS,Organization,,664
Mongol,msavin/Mongol,JavaScript,In-App MongoDB Editor for Meteor,661,24,msavin,Max Savin,User,New York,832
robokitty,rachelnicole/robokitty,JavaScript,A DIY Cat (or dog. or human) Feeder powered by node,655,20,rachelnicole,Rachel White,User,brooklyn,655
livereactload,milankinen/livereactload,JavaScript,Live code editing with Browserify and React,653,29,milankinen,Matti Lankinen,User,Finland,653
logdown,caiogondim/logdown,JavaScript,:notebook: Debug utility with markdown support that runs on browser and server,655,22,caiogondim,Caio Gondim,User,Amsterdam,883
oceanic-next-color-scheme,voronianski/oceanic-next-color-scheme,JavaScript,"Sublime Text 2/3 color scheme ready for ES6, optimized for babel-sublime (former 6to5-sublime) package",653,32,voronianski,Dmitri Voronianski,User,"Kiev, Ukraine",3104
marauders-map,arank/marauders-map,JavaScript,A chrome extension to creepily map your friends' locations from FB messenger,652,221,arank,Aran Khanna,User,United States,652
camaleon-cms,owen2345/camaleon-cms,JavaScript,Camaleon CMS is a dynamic and advanced content management system based on Ruby on Rails 4.,651,99,owen2345,Owen Peredo Diaz,User,Cochabamba - Bolivia,651
Orchard,OrchardCMS/Orchard,JavaScript,"Orchard is a free, open source, community-focused Content Management System built on the ASP.NET MVC platform.",648,442,OrchardCMS,OrchardCMS,Organization,,648
js2image,xinyu198736/js2image,JavaScript,一个可以把js源代码压缩成一个ascii字符画的源代码的工具，压缩后的代码仍可运行 （A tool can compress JavaScript code to any ascii image and still run normally ),647,45,xinyu198736,芋头,User,china hangzhou 西湖区,647
trails,trailsjs/trails,JavaScript,:evergreen_tree: Modern MVC Web Framework for Node.js.,648,21,trailsjs,trails.js,Organization,Open Source Land,648
victory,FormidableLabs/victory,JavaScript,A collection of composable React components for building interactive data visualizations,634,18,FormidableLabs,Formidable,Organization,"Seattle, WA",5716
sniffly,diracdeltas/sniffly,JavaScript,Sniffing browser history using HSTS + CSP.,637,67,diracdeltas,yan zhu (@bcrypt),User,SF / BOS / NYC / LA,637
howtocenterincss,oliverzheng/howtocenterincss,JavaScript,CSS generator for centering text/div depending on their size or the container size.,637,33,oliverzheng,Oliver Zheng,User,"Seattle, WA",637
imessageclient,CamHenlin/imessageclient,JavaScript,send and receive iMessages in a terminal or over ssh,634,28,CamHenlin,Cameron Henlin,User,"Eugene, OR",759
babel-eslint,babel/babel-eslint,JavaScript,ESLint using Babel as the parser.,630,34,babel,Babel,Organization,,2097
babel-plugin-react-transform,gaearon/babel-plugin-react-transform,JavaScript,Babel plugin to instrument React components with custom transforms,632,54,gaearon,Dan Abramov,User,"London, UK",7814
tcomb-form-native,gcanti/tcomb-form-native,JavaScript,Forms library for react-native,633,51,gcanti,Giulio Canti,User,"Milan, Italy",792
map-chat,idoco/map-chat,JavaScript,A super simple location based chat,632,102,idoco,Ido Cohen,User,Tel aviv,632
deckofcards,crobertsbmw/deckofcards,JavaScript,An API to simulate a deck of cards,630,49,crobertsbmw,Chase Roberts,User,,630
sound-redux,andrewngu/sound-redux,JavaScript,A Soundcloud client built with React / Redux,622,67,andrewngu,Andrew Nguyen,User,"San Francisco, CA",622
konva,konvajs/konva,JavaScript,Konva.js is an HTML5 Canvas JavaScript framework that extends the 2d context by enabling canvas interactivity for desktop and mobile applications.,622,51,konvajs,konva,Organization,,622
electron-boilerplate,szwacz/electron-boilerplate,JavaScript,Boilerplate application for Electron runtime,619,135,szwacz,Jakub Szwacz,User,"Kraków, Poland",619
minggeJS,drduan/minggeJS,JavaScript,作者官方git号：,623,160,drduan,dr.duang,User,dalian,743
strml.net,STRML/strml.net,JavaScript,STRML: Projects & Work,621,167,STRML,Samuel Reed,User,"Milwaukee, WI",621
tdb,ericjang/tdb,JavaScript,"Interactive, node-by-node debugging and visualization for TensorFlow",617,35,ericjang,Eric Jang,User,,617
isomorphic-flux-boilerplate,iam4x/isomorphic-flux-boilerplate,JavaScript,ES7 Isomorphic Flux/ReactJS Boilerplate,615,92,iam4x,Max Tyler,User,Paris 10,615
ritzy,ritzyed/ritzy,JavaScript,Collaborative web-based rich text editor,614,24,ritzyed,,Organization,,614
docker-mon,icecrime/docker-mon,JavaScript,Console-based Docker monitoring,613,25,icecrime,Arnaud Porterie,User,San Francisco,713
canvid,gka/canvid,JavaScript,tiny js library for playing video on canvas elements (without audio),606,23,gka,Gregor Aisch,User,Brooklyn,852
notebook,jupyter/notebook,JavaScript,Jupyter Interactive Notebook,600,174,jupyter,Project Jupyter,Organization,The Future,707
amazeui-react,amazeui/amazeui-react,JavaScript,Amaze UI components built with React.js.,603,93,amazeui,Amaze UI,Organization,"Beijing, China",742
mind,stevenmiller888/mind,JavaScript,A flexible neural network library,601,27,stevenmiller888,Steven Miller,User,"San Francisco, CA",1082
budo,mattdesl/budo,JavaScript,:clapper: a dev server for rapid prototyping,589,27,mattdesl,Matt DesLauriers,User,Toronto,2798
gulp-book,nimojs/gulp-book,JavaScript, Gulp 入门指南,594,152,nimojs,Nimo True,User,Shanghai China,877
react-rethinkdb,mikemintz/react-rethinkdb,JavaScript,Render realtime RethinkDB results in React,592,14,mikemintz,Mike Mintz,User,,592
react-sparklines,borisyankov/react-sparklines,JavaScript,Beautiful and expressive Sparklines React component,590,28,borisyankov,Boris Yankov,User,,590
Quttons,nashvail/Quttons,JavaScript,Buttons made of Quantum Paper ,587,60,nashvail,Nash Vail,User,India,724
caprine,sindresorhus/caprine,JavaScript,Unofficial Facebook Messenger app,586,34,sindresorhus,Sindre Sorhus,User,✈,11371
instantsearch.js,algolia/instantsearch.js,JavaScript,instantsearch.js is a library of widgets designed for high performance instant search experiences using Algolia,584,55,algolia,Algolia,Organization,,787
react-native-webpack-server,mjohnston/react-native-webpack-server,JavaScript,Build React Native apps with Webpack,583,62,mjohnston,Michael Johnston,User,,583
d3-scale,d3/d3-scale,JavaScript,Encodings that map abstract data to visual representation.,569,22,d3,D3,Organization,,1859
trolol,ukupat/trolol,JavaScript,Troll your friends with simple commands AS QUICKLY AS POSSIBLE,582,16,ukupat,Uku Pattak,User,"Tartu, Estonia",802
JSCity,aserg-ufmg/JSCity,JavaScript,Visualizing JavaScript source code as navigable 3D cities,582,30,aserg-ufmg,Applied Software Engineering Research Group,Organization,"Belo Horizonte, Brazil",582
gethttpsforfree,diafygi/gethttpsforfree,JavaScript,Source code for https://gethttpsforfree.com/,576,57,diafygi,Daniel Roesler,User,"Oakland, CA",5657
webpack-demos,ruanyf/webpack-demos,JavaScript,a collection of simple demos of Webpack,573,199,ruanyf,Ruan YiFeng,User,"Shanghai, China",4394
React-For-Beginners-Starter-Files,wesbos/React-For-Beginners-Starter-Files,JavaScript,Starter files for learning React.js with React for Beginners,575,142,wesbos,Wes Bos,User,"Toronto, Ontario",575
redux-actions,acdlite/redux-actions,JavaScript,Flux Standard Action utilities for Redux.,570,26,acdlite,Andrew Clark,User,"Redwood City, CA",4345
flyd,paldepind/flyd,JavaScript,"The minimalistic but powerful, modular, functional reactive programming library in JavaScript.",575,39,paldepind,Simon Friis Vindum,User,"Aarhus, Denmark",1263
dataloader,facebook/dataloader,JavaScript,DataLoader is a generic utility to be used as part of your application's data fetching layer to provide a consistent API over various backends and reduce requests to those backends via batching and caching.,574,15,facebook,Facebook,Organization,"Menlo Park, California",61260
explorer,keen/explorer,JavaScript,Keen IO Data Explorer - a point-and-click analytics and visualization tool,575,42,keen,Keen IO,Organization,"San Francisco, CA",575
insignia,bevacqua/insignia,JavaScript,:bookmark: Customizable tag input. Progressive. No non-sense!,572,24,bevacqua,Nicolás Bevacqua,User,https://twitter.com/nzgb,20409
skilltree,phodal/skilltree,JavaScript,Web Developer 技能树,568,97,phodal,Fengda Huang,User,Xiamen China,2292
esdoc,esdoc/esdoc,JavaScript,Good Documentation For JavaScript(ES2015),561,47,esdoc,ESDoc,Organization,,561
material-refresh,lightningtgc/material-refresh,JavaScript,Google Material Design swipe(pull) to refresh by using JavaScript and CSS3.,565,82,lightningtgc,gctang,User,China,1944
react-render-visualizer,redsunsoft/react-render-visualizer,JavaScript,Render visualizer for ReactJS,555,13,redsunsoft,Tony C,User,"Palo Alto, CA",555
cropperjs,fengyuanchen/cropperjs,JavaScript,JavaScript image cropper.,540,33,fengyuanchen,Fengyuan Chen,User,"Hangzhou, China",673
redux-react-router-async-example,emmenko/redux-react-router-async-example,JavaScript,A showcase of the Redux architecture with React Router,548,98,emmenko,Nicola Molinari,User,Munich,548
halogen,yuanyan/halogen,JavaScript,A collection of loading spinners with React.js,547,37,yuanyan,元彦,User,China,1321
blueprint3d,furnishup/blueprint3d,JavaScript,Build interior spaces in 3D,547,36,furnishup,FurnishUp,Organization,,547
core-decorators.js,jayphelps/core-decorators.js,JavaScript,"Library of JavaScript decorators (aka ES2016/ES7 decorators) inspired by languages that come with built-ins like @​override, @​deprecate, @​autobind, @​mixin and more. Popular with React/Angular, but is framework agnostic.",542,31,jayphelps,Jay Phelps,User,"Bay Area, CA",542
sleepy-puppy,Netflix/sleepy-puppy,JavaScript,Sleepy Puppy XSS Payload Management Framework,542,50,Netflix,"Netflix, Inc.",Organization,"Los Gatos, California",8686
react-virtualized,bvaughn/react-virtualized,JavaScript,"React components for efficiently rendering large, scrollable lists and tabular data",535,14,bvaughn,Brian Vaughn,User,"Sunnyvale, CA",535
webpack-demo,css-modules/webpack-demo,JavaScript,"Working demo of CSS Modules, using Webpack's css-loader in module mode",540,48,css-modules,,Organization,,3546
show-me-the-react,cymen/show-me-the-react,JavaScript,A Google Chrome extension that highlights React components on the page.,539,17,cymen,Cymen Vig,User,"Oakland, California",539
react-native-scrollable-tab-view,brentvatne/react-native-scrollable-tab-view,JavaScript,"Tabbed navigation that you can swipe between, each tab can have  its own ScrollView and maintain its own scroll position between swipes. Pleasantly animated. Customizable tab bar",532,115,brentvatne,Brent Vatne,User,"Vancouver, Canada",2353
react-a11y,rackt/react-a11y,JavaScript,Identifies accessibility issues in your React.js elements,532,31,rackt,,Organization,,17451
varnish-dashboard,brandonwamboldt/varnish-dashboard,JavaScript,Advanced realtime Varnish dashboard with support for multiple servers and advanced management tasks,531,41,brandonwamboldt,Brandon Wamboldt,User,"Halifax, Nova Scotia (Canada)",531
sshync,mateogianolio/sshync,JavaScript,Auto-sync files or directories over SSH.,530,20,mateogianolio,Mateo Gianolio,User,Sweden,1684
airpaste,mafintosh/airpaste,JavaScript,A 1-1 network pipe that auto discovers other peers using mdns,529,12,mafintosh,Mathias Buus,User,"Copenhagen, Denmark",3455
NG6-starter,AngularClass/NG6-starter,JavaScript,An AngularJS Starter repo for Angular + ES6 + (Webpack or JSPM) by @AngularClass,524,262,AngularClass,AngularClass,Organization,"San Francisco, CA",2510
relay-starter-kit,relayjs/relay-starter-kit,JavaScript,Barebones starting point for a Relay application.,525,112,relayjs,,Organization,,525
universal-react-boilerplate,cloverfield-tools/universal-react-boilerplate,JavaScript,A simple boilerplate Node app.,521,54,cloverfield-tools,,Organization,,801
react-static-boilerplate,koistya/react-static-boilerplate,JavaScript,"Boilerplate and tooling for React.js apps optimized for CDN hosting like GitHub Pages, Amazon S3 or Firebase. Stack: React.js, postCSS, Sass, ES6+, Babel, Webpack, BrowserSync, React Hot Loader",524,57,koistya,Konstantin Tarkus,User,New York ✈ Saint Petersburg,524
APlayer,DIYgod/APlayer,JavaScript,":wind_chime:Wow, such a beautiful html5 music player",511,74,DIYgod,Wenjie Fan,User,"Wuhan, China",718
design-system,salesforce-ux/design-system,JavaScript,Salesforce Lightning Design System,519,82,salesforce-ux,Salesforce UX,Organization,San Francisco,519
smart-table-scroll,cmpolis/smart-table-scroll,JavaScript,Build 1MM row tables with native scroll bars by reusing and yi